aagent0@hatena.ne.jp,Ag Agent,aagent0
ogiocannoni1@reference.com,Oliviero Giocannoni,ogiocannoni1
skitto2@theglobeandmail.com,skitto2
bmylchreest3@indiegogo.com,Benedict Mylchreest,bmylchreest3
bcressy4@bbb.org,Bendite Cressy,bcressy4
cemett5@bluehost.com,Connie Emett,cemett5
smiddlewick6@g.co,Scott Middlewick,smiddlewick6
maikman7@utexas.edu,maikman7
tcaville8@cdbaby.com,Thomasin Caville,tcaville8
mmussared9@microsoft.com,Merrielle Mussared,mmussared9
dhrishchenkoa@ifeng.com,Deeanne Hrishchenko,dhrishchenkoa
ebasiloneb@dyndns.org,Eustace Basilone,ebasiloneb
jiczokvitzc@woothemes.com,Jaymie Iczokvitz,jiczokvitzc
nproppersd@latimes.com,Nola Proppers,nproppersd
maikman7@utexas.edu,Roselin Longfut,rlongfute
btweedief@state.tx.us,Becca Tweedie,btweedief
glitchmoreg@wisc.edu,Gearard Litchmore,glitchmoreg
rmicheleh@goo.ne.jp,Randolf Michele,rmicheleh
dtinseyi@deliciousdays.com,Dix Tinsey,dtinseyi
nkuhndelj@redcross.org,Nannette Kuhndel,nkuhndelj
jklimeckik@naver.com,Juliane Klimecki,jklimeckik
smertonl@arstechnica.com,Sybyl Merton,smertonl
cbellerbym@thetimes.co.uk,Clementine Bellerby,cbellerbym
lsmythinn@imageshack.us,Lorine Smythin,lsmythinn
gwaggeo@home.pl,Gennie Wagge,gwaggeo
asimmansp@engadget.com,Anabella Simmans,asimmansp
rdeversq@phpbb.com,Reinaldo Devers,rdeversq
hhawthornr@google.de,Horatius Hawthorn,hhawthornr
adefties@wix.com,Alena Deftie,adefties
amatzeitist@dedecms.com,Alessandro Matzeitis,amatzeitist
jprandou@elegantthemes.com,Jade Prando,jprandou
rhawickv@51.la,Romeo Hawick,rhawickv
nsimonittow@purevolume.com,Niel Simonitto,nsimonittow
grosewallx@timesonline.co.uk,Germain Rosewall,grosewallx
hmclagany@bigcartel.com,Harris McLagan,hmclagany
kbulstrodez@mysql.com,Kliment Bulstrode,kbulstrodez
braccio10@time.com,Barde Raccio,braccio10
mstopford11@phoca.cz,Martina Stopford,mstopford11
leastcott12@amazon.de,Lacee Eastcott,leastcott12
walishoner13@nih.gov,Wyatt Alishoner,walishoner13
hwein14@gnu.org,Hugh Wein,hwein14
wkloss15@amazon.co.uk,Wandis Kloss,wkloss15
kbadger16@reference.com,Karilynn Badger,kbadger16
jkillner17@altervista.org,Jameson Killner,jkillner17
abulley18@cnn.com,Aubrie Bulley,abulley18
ephilipard19@ning.com,Egor Philipard,ephilipard19
ecapron1a@icq.com,Elden Capron,ecapron1a
gmeek1b@drupal.org,Grenville Meek,gmeek1b
emcharry1c@de.vu,Emalee McHarry,emcharry1c
idalgarnocht1d@cpanel.net,Isidore Dalgarnocht,idalgarnocht1d
washwell1e@wunderground.com,Will Ashwell,washwell1e
bbeamiss1f@hexun.com,Bessie Beamiss,bbeamiss1f
lwatters1g@archive.org,Livvie Watters,lwatters1g
melden1h@state.tx.us,Moshe Elden,melden1h
vgaddesby1i@sciencedaily.com,Vanessa Gaddesby,vgaddesby1i
abridden1j@stumbleupon.com,Aldis Bridden,abridden1j
rtellesson1k@taobao.com,Rosabella Tellesson,rtellesson1k
flangthorn1l@redcross.org,Francesco Langthorn,flangthorn1l
dvannuccini1m@omniture.com,Dela Vannuccini,dvannuccini1m
phatcher1n@weather.com,Pepe Hatcher,phatcher1n
lskyram1o@github.io,Laraine Skyram,lskyram1o
kcraise1p@biglobe.ne.jp,Karry Craise,kcraise1p
tgullivan1q@tripadvisor.com,Thaxter Gullivan,tgullivan1q
ewiz1r@webeden.co.uk,Ervin Wiz,ewiz1r
adumini1s@weibo.com,Archaimbaud Dumini,adumini1s
yineson1t@reuters.com,Yoshiko Ineson,yineson1t
jbenez1u@infoseek.co.jp,Jada Benez,jbenez1u
fcunde1v@ft.com,Friedrich Cunde,fcunde1v
dmarris1w@rediff.com,Daryl Marris,dmarris1w
nkobsch1x@redcross.org,Norton Kobsch,nkobsch1x
jteodoro1y@answers.com,Jeanna Teodoro,jteodoro1y
loag1z@moonfruit.com,Lanae Oag,loag1z
mlawn20@pen.io,Myranda Lawn,mlawn20
cupfold21@mashable.com,Catherin Upfold,cupfold21
ckighly22@typepad.com,Christi Kighly,ckighly22
usanday23@walmart.com,Ulrikaumeko Sanday,usanday23
tcokely24@mlb.com,Teresita Cokely,tcokely24
lbraycotton25@51.la,Lulita Braycotton,lbraycotton25
ngentsch26@ow.ly,Nicki Gentsch,ngentsch26
teccott27@walmart.com,Tedra Eccott,teccott27
dchicco28@chron.com,Devonne Chicco,dchicco28
fmcatamney29@hibu.com,Fleming McAtamney,fmcatamney29
kessex2a@liveinternet.ru,Keslie Essex,kessex2a
btansey2b@goo.ne.jp,Blanca Tansey,btansey2b
idanzig2c@flavors.me,Isaak Danzig,idanzig2c
ecattel2d@nba.com,Elset Cattel,ecattel2d
mjerzyk2e@prweb.com,Maryann Jerzyk,mjerzyk2e
nbreens2f@shutterfly.com,Nanete Breens,nbreens2f
cpoulett2g@artisteer.com,Carmina Poulett,cpoulett2g
alearoid2h@soundcloud.com,Anabel Learoid,alearoid2h
dscallan2i@epa.gov,Danell Scallan,dscallan2i
braimbauld2j@godaddy.com,Brear Raimbauld,braimbauld2j
ksherbrooke2k@wikipedia.org,Kalle Sherbrooke,ksherbrooke2k
kchilles2l@amazon.co.jp,Katey Chilles,kchilles2l
ashorter2m@youtu.be,Aurea Shorter,ashorter2m
kfarnin2n@ox.ac.uk,Kettie Farnin,kfarnin2n
ncornforth2o@sohu.com,Nonnah Cornforth,ncornforth2o
rgregol2p@diigo.com,Regen Gregol,rgregol2p
bwearing2q@bravesites.com,Bernette Wearing,bwearing2q
mwavish2r@blogspot.com,Mireille Wavish,mwavish2r
jglisenan2s@ucsd.edu,Judi Glisenan,jglisenan2s
gwulfinger2t@senate.gov,Gannie Wulfinger,gwulfinger2t
aheyns2u@wordpress.com,Albrecht Heyns,aheyns2u
nbogart2v@biblegateway.com,Nelle Bogart,nbogart2v
hblint2w@prweb.com,Hesther Blint,hblint2w
cbuddleigh2x@illinois.edu,Colan Buddleigh,cbuddleigh2x
jwiddall2y@woothemes.com,Joni Widdall,jwiddall2y
wedgin2z@friendfeed.com,Wilek Edgin,wedgin2z
npatriskson30@nifty.com,Nike Patriskson,npatriskson30
rdikelin31@ted.com,Rutherford Dikelin,rdikelin31
kboothebie32@who.int,Kathy Boothebie,kboothebie32
ltremellan33@trellian.com,Lammond Tremellan,ltremellan33
bdemare34@house.gov,Betti Demare,bdemare34
ggilbard35@t-online.de,Guinna Gilbard,ggilbard35
dmiettinen36@bing.com,Dallis Miettinen,dmiettinen36
ahutcheon37@goo.gl,Adair Hutcheon,ahutcheon37
mkitteman38@cbc.ca,Marcellina Kitteman,mkitteman38
mpahl39@multiply.com,Mora Pahl,mpahl39
ckeary3a@last.fm,Carlos Keary,ckeary3a
bnezey3b@addthis.com,Berty Nezey,bnezey3b
whawney3c@acquirethisname.com,Willette Hawney,whawney3c
bshaves3d@seesaa.net,Brandy Shaves,bshaves3d
ghrus3e@tinyurl.com,Gregor Hrus,ghrus3e
gflooks3f@qq.com,Gerald Flooks,gflooks3f
esmallthwaite3g@kickstarter.com,Elly Smallthwaite,esmallthwaite3g
dkochs3h@businessweek.com,Dewain Kochs,dkochs3h
nswinney3i@edublogs.org,Ninetta Swinney,nswinney3i
ghartmann3j@biglobe.ne.jp,Giulia Hartmann,ghartmann3j
mtattoo3k@github.io,Morie Tattoo,mtattoo3k
acham3l@seesaa.net,Agatha Cham,acham3l
hkleen3m@issuu.com,Hertha Kleen,hkleen3m
eskeat3n@craigslist.org,Ezekiel Skeat,eskeat3n
cgodbald3o@narod.ru,Carlin Godbald,cgodbald3o
imcrae3p@123-reg.co.uk,Iorgos McRae,imcrae3p
mivison3q@theglobeandmail.com,Mandi Ivison,mivison3q
aandrault3r@mapquest.com,Aguistin Andrault,aandrault3r
rsinnett3s@reverbnation.com,Rudolf Sinnett,rsinnett3s
jdell3t@php.net,Jordan Dell Casa,jdell3t
mhaston3u@4shared.com,Maxy Haston,mhaston3u
eaubrey3v@studiopress.com,Ephraim Aubrey,eaubrey3v
abacken3w@fc2.com,Andy Backen,abacken3w
pcomazzo3x@census.gov,Paten Comazzo,pcomazzo3x
modell3y@auda.org.au,Minnaminnie O'dell,modell3y
tmcarley3z@ted.com,Teddie McArley,tmcarley3z
lbyfford40@slideshare.net,Lemuel Byfford,lbyfford40
bchopy41@moonfruit.com,Blanch Chopy,bchopy41
mvanichkin42@51.la,Mallorie Vanichkin,mvanichkin42
cquipp43@unblog.fr,Camala Quipp,cquipp43
raudritt44@ibm.com,Ravi Audritt,raudritt44
bbarling45@japanpost.jp,Bryna Barling,bbarling45
smurrish46@buzzfeed.com,Shea Murrish,smurrish46
ahuban47@java.com,Anatola Huban,ahuban47
crechert48@naver.com,Currie Rechert,crechert48
xoldford49@a8.net,Xaviera Oldford,xoldford49
cchettoe4a@goodreads.com,Corliss Chettoe,cchettoe4a
bmilch4b@adobe.com,Betsey Milch,bmilch4b
dshark4c@skype.com,Denni Shark,dshark4c
mpolini4d@amazon.co.uk,Merv Polini,mpolini4d
dmccreadie4e@so-net.ne.jp,Drusilla McCreadie,dmccreadie4e
hperet4f@naver.com,Haskell Peret,hperet4f
anawton4g@blogger.com,Audrye Nawton,anawton4g
cdobinson4h@discuz.net,Clarette Dobinson,cdobinson4h
vbubeer4i@spiegel.de,Vachel Bubeer,vbubeer4i
aposselt4j@creativecommons.org,Andris Posselt,aposselt4j
hbuxton4k@etsy.com,Huberto Buxton,hbuxton4k
scockrill4l@soup.io,Siana Cockrill,scockrill4l
esilvers4m@msu.edu,Evangelia Silvers,esilvers4m
tduggan4n@blog.com,Tallie Duggan,tduggan4n
stuckett4o@mtv.com,Shel Tuckett,stuckett4o
ychisnall4p@bloglovin.com,Yuri Chisnall,ychisnall4p
agallally4q@tmall.com,Annabela Gallally,agallally4q
jenderson4r@upenn.edu,Jacqueline Enderson,jenderson4r
dkyndred4s@toplist.cz,Duane Kyndred,dkyndred4s
lchanning4t@twitter.com,Laurie Channing,lchanning4t
uyuryev4u@discovery.com,Urbanus Yuryev,uyuryev4u
stubb4v@163.com,Sacha Tubb,stubb4v
vmourbey4w@google.ru,Valerye Mourbey,vmourbey4w
smcelwee4x@mediafire.com,Shaine McElwee,smcelwee4x
aagent0@hatena.ne.jp,Hubert Browne,hbrowne4y
sguille4z@nba.com,Salomon Guille,sguille4z
twigfield50@youku.com,Townsend Wigfield,twigfield50
bdovidaitis51@joomla.org,Brigid Dovidaitis,bdovidaitis51
wfranzonetti52@technorati.com,Wayland Franzonetti,wfranzonetti52
trainon53@purevolume.com,Tasia Rainon,trainon53
lcornwell54@sohu.com,Leland Cornwell,lcornwell54
cinkpin55@hugedomains.com,Chery Inkpin,cinkpin55
rmeatcher56@nytimes.com,Rodrigo Meatcher,rmeatcher56
jtittershill57@guardian.co.uk,James Tittershill,jtittershill57
mmachel58@altervista.org,Morna Machel,mmachel58
njiroudek59@dyndns.org,Natty Jiroudek,njiroudek59
wspleving5a@examiner.com,Westbrook Spleving,wspleving5a
rmcgarva5b@jigsy.com,Rennie McGarva,rmcgarva5b
mbonnet5c@1und1.de,Marlie Bonnet,mbonnet5c
edesorts5d@ca.gov,Elaina Desorts,edesorts5d
ipaternoster5e@constantcontact.com,Idalia Paternoster,ipaternoster5e
jhourstan5f@macromedia.com,Janina Hourstan,jhourstan5f
baldwich5g@cnn.com,Berke Aldwich,baldwich5g
kswaffield5h@usda.gov,Karlene Swaffield,kswaffield5h
hkowalik5i@wufoo.com,Hadria Kowalik,hkowalik5i
kwynrehame5j@uiuc.edu,Kev Wynrehame,kwynrehame5j
mortell5k@illinois.edu,Manya Ortell,mortell5k
ltyce5l@ovh.net,Lindie Tyce,ltyce5l
jbruty5m@blogspot.com,Juana Bruty,jbruty5m
bgimert5n@1688.com,Berri Gimert,bgimert5n
mjansema5o@fda.gov,Minnie Jansema,mjansema5o
scoopman5p@wikimedia.org,Sharron Coopman,scoopman5p
jgrancher5q@sbwire.com,Jaquenette Grancher,jgrancher5q
ctalby5r@blogs.com,Caleb Talby,ctalby5r
bcorballis5s@comcast.net,Barnett Corballis,bcorballis5s
lmedendorp5t@weibo.com,Lucienne Medendorp,lmedendorp5t
dcarrier5u@networkadvertising.org,Deerdre Carrier,dcarrier5u
khouchen5v@bigcartel.com,Karia Houchen,khouchen5v
ckliement5w@usa.gov,Clare Kliement,ckliement5w
cwearden5x@wired.com,Calley Wearden,cwearden5x
ecocklie5y@usnews.com,Elene Cocklie,ecocklie5y
tfavey5z@yelp.com,Trixi Favey,tfavey5z
ggouldie60@pcworld.com,Gail Gouldie,ggouldie60
colensby61@springer.com,Callie Olensby,colensby61
cfearnehough62@nifty.com,Corty Fearnehough,cfearnehough62
sitzkovwitch63@irs.gov,Sadye Itzkovwitch,sitzkovwitch63
ahenriquet64@mozilla.org,Albertine Henriquet,ahenriquet64
nsalerno65@edublogs.org,Nicolina Salerno,nsalerno65
gmattek66@wordpress.com,Germana Mattek,gmattek66
lprimett67@livejournal.com,Leann Primett,lprimett67
zandrin68@ed.gov,Zacharie Andrin,zandrin68
mprier69@gov.uk,Madlin Prier,mprier69
lschwanden6a@addthis.com,Lawry Schwanden,lschwanden6a
rmacmoyer6b@mapquest.com,Randy MacMoyer,rmacmoyer6b
ngolightly6c@google.com.br,Niels Golightly,ngolightly6c
dparsand6d@mozilla.com,Donovan Parsand,dparsand6d
grichings6e@statcounter.com,Gwynne Richings,grichings6e
amontilla6f@usatoday.com,Aubry Montilla,amontilla6f
bhindge6g@fotki.com,Blanca Hindge,bhindge6g
akenninghan6h@columbia.edu,Andrus Kenninghan,akenninghan6h
cbullivent6i@geocities.jp,Caria Bullivent,cbullivent6i
gchilde6j@springer.com,Germaine Childe,gchilde6j
ltuhy6k@wikimedia.org,Livy Tuhy,ltuhy6k
jsagrott6l@squidoo.com,Jenna Sagrott,jsagrott6l
rdorber6m@uol.com.br,Ronalda Dorber,rdorber6m
pmosconi6n@amazon.co.jp,Peter Mosconi,pmosconi6n
hnajera6o@microsoft.com,Homer Najera,hnajera6o
cocarran6p@rambler.ru,Corina O'Carran,cocarran6p
mstaries6q@dell.com,Micki Staries,mstaries6q
spaff6r@sphinn.com,Sonia Paff,spaff6r
cwhitmore6s@alibaba.com,Chuck Whitmore,cwhitmore6s
lstreatfield6t@pinterest.com,Lynette Streatfield,lstreatfield6t
zwoffenden6ulive.com,Zollie Woffenden,zwoffenden6u
ldonnan6v@tripod.com,Laurette Donnan,ldonnan6v
ylouisot6w@dion.ne.jp,Yance Louisot,ylouisot6w
vmackaig6x@google.com.au,Vladamir MacKaig,vmackaig6x
dcardello6y@ftc.gov,Daphene Cardello,dcardello6y
bdas6z@bandcamp.com,Beverley Das,bdas6z
lglendenning70@tripod.com,Lou Glendenning,lglendenning70
mmollene71@biblegateway.com,Marmaduke Mollene,mmollene71
fgiraudoux72@vimeo.com,Faye Giraudoux,fgiraudoux72
pjakoubec73@theguardian.com,Pietrek Jakoubec,pjakoubec73
ashardlow74@hc360.com,Alida Shardlow,ashardlow74
gtaunton75@tinypic.com,Griselda Taunton,gtaunton75
jvan76@slate.com,Jeri Van Saltsberg,jvan76
cbydaway77@freewebs.com,Constancy Bydaway,cbydaway77
jwerrit78@tripod.com,Jarrad Werrit,jwerrit78
dgrattan79@booking.com,Dannie Grattan,dgrattan79
ftrotter7a@issuu.com,Felix Trotter,ftrotter7a
fcafferky7b@mac.com,Farrand Cafferky,fcafferky7b
rblankett7c@buzzfeed.com,Roz Blankett,rblankett7c
ttamblingson7d@wikimedia.org
rthomesson7e@goo.gl,Riannon Thomesson,rthomesson7e
scronin7f@tiny.cc,Sula Cronin,scronin7f
rdurgan7g@fc2.com,Riki Durgan,rdurgan7g
eherrero7h@whitehouse.gov,Emlynn Herrero,eherrero7h
jsolway7i@slashdot.org,Joscelin Solway,jsolway7i
ahairsnape7j@pagesperso-orange.fr,Anderea Hairsnape,ahairsnape7j
mwillacot7k@clickbank.net,Mathias Willacot,mwillacot7k
jruit7l@cbc.ca,Juditha Ruit,jruit7l
hchesson7m@accuweather.com,Hendrika Chesson,hchesson7m
baldis7n@google.de,Bernhard Aldis,baldis7n
cbannon7o@latimes.com,Carol Bannon,cbannon7o
cspringford7p@washingtonpost.com,Cybil Springford,cspringford7p
awesterman7q@4shared.com,Ambrose Westerman,awesterman7q
ajillins7r@networkadvertising.org,Adele Jillins,ajillins7r
rroll7s@google.es,Randall Roll,rroll7s
mmendel7t@slate.com,Marie-ann Mendel,mmendel7t
vmila7u@answers.com,Vicky Mila,vmila7u
ccrippill7v@newyorker.com,Cesar Crippill,ccrippill7v
lschruyer7w@ezinearticles.com,Lyon Schruyer,lschruyer7w
aduhig7x@eepurl.com,Aldous Duhig,aduhig7x
mbutton7y@ow.ly,Maurise Button,mbutton7y
hdinsmore7z@dmoz.org,Hali Dinsmore,hdinsmore7z
fmattiussi80@bloglines.com,Freda Mattiussi,fmattiussi80
dmichelmore81@dyndns.org,Dale Michelmore,dmichelmore81
rsains82@spotify.com,Rayner Sains,rsains82
ycapey83@goo.ne.jp,Yelena Capey,ycapey83
fsaltern84@washington.edu,Felisha Saltern,fsaltern84
kdensey85@ameblo.jp,Kore Densey,kdensey85
lbritzius86@feedburner.com,Lucius Britzius,lbritzius86
aagent0@hatena.ne.jp,Adan Belliveau,abelliveau87
mcapstaff88@feedburner.com,Mendie Capstaff,mcapstaff88
dcabotto89@arstechnica.com,Dareen Cabotto,dcabotto89
wmcelrea8a@google.nl,Warden McElrea,wmcelrea8a
cposselt8b@arstechnica.com,Cristin Posselt,cposselt8b
kfearnside8c@de.vu,Keri Fearnside,kfearnside8c
sgatty8d@indiatimes.com,Sherie Gatty,sgatty8d
cdelucia8e@google.nl,cdelucia8e
rseldner8f@dot.gov,Randall Seldner,rseldner8f
bcastiblanco8g@bbb.org,Bartholomeus Castiblanco,bcastiblanco8g
dhuggard8h@cdbaby.com,Diane-marie Huggard,dhuggard8h
spedwell8i@angelfire.com,Spencer Pedwell,spedwell8i
tpenelli8j@studiopress.com,Ty Penelli,tpenelli8j
fhumbles8k@howstuffworks.com,Fayth Humbles,fhumbles8k
mtringham8l@google.com.au,Mellie Tringham,mtringham8l
pcavy8m@who.int,Pernell Cavy,pcavy8m
bvlies8n@army.mil,Bondie Vlies,bvlies8n
qpawson8o@canalblog.com,Quinta Pawson,qpawson8o
smclennan8p@hp.com,Stanton McLennan,smclennan8p
lpaydon8q@narod.ru,Lory Paydon,lpaydon8q
bcuppleditch8r@cmu.edu,Basilio Cuppleditch,bcuppleditch8r
ncrutch8s@stumbleupon.com,Netta Crutch,ncrutch8s
lcoombes8t@rakuten.co.jp,Lauraine Coombes,lcoombes8t
akarus8u@github.io,Aubree Karus,akarus8u
tmcpartlin8v@sourceforge.net,Tracie McPartlin,tmcpartlin8v
ogrevile8w@phpbb.com,Osbert Grevile,ogrevile8w
hkabsch8x@wordpress.org,Had Kabsch,hkabsch8x
wcord8y@gizmodo.com,Wilbur Cord,wcord8y
rchrstine8z@unc.edu,Riley Chrstine,rchrstine8z
nrogans90@time.com,Nicol Rogans,nrogans90
ewaliszewski91@github.io,Elroy Waliszewski,ewaliszewski91
dgaine92@nydailynews.com,Dex Gaine,dgaine92
mbruneton93@tripadvisor.com,Merrill Bruneton,mbruneton93
nhedworth94@google.it,Nance Hedworth,nhedworth94
bcrampsey95@google.com.hk,Bren Crampsey,bcrampsey95
vquirk96@google.nl,Vasilis Quirk,vquirk96
ascourgie97@imageshack.us,Anna-diane Scourgie,ascourgie97
hbonnell98@simplemachines.org,Hattie Bonnell,hbonnell98
citzkovici99@live.com,Clair Itzkovici,citzkovici99
keagan9a@digg.com,Karrie Eagan,keagan9a
efollen9b@dyndns.org,Elonore Follen,efollen9b
pdrohane9c@google.pl,Preston Drohane,pdrohane9c
cblazey9d@google.co.uk,Chip Blazey,cblazey9d
wguidetti9e@discovery.com,Whitman Guidetti,wguidetti9e
lpessel9f@telegraph.co.uk,Lilli Pessel,lpessel9f
rtonge9g@bigcartel.com,Rosmunda Tonge,rtonge9g
etipper9h@opensource.org,Earvin Tipper,etipper9h
ahallgath9i@instagram.com,Ame Hallgath,ahallgath9i
rfolke9j@reference.com,Randi Folke,rfolke9j
egave9k@networksolutions.com,Elihu Gave,egave9k
msenten9l@ucsd.edu,Malissa Senten,msenten9l
mvearncomb9m@theatlantic.com,Malory Vearncomb,mvearncomb9m
sdurdy9n@google.ru,Stephanie Durdy
aagent0@hatena.ne.jp,Linn Francecione,lfrancecione9o
scrosbie9p@ask.com,Sollie Crosbie,scrosbie9p
,Tynan Paulmann,tpaulmann9q
nheavyside9r@163.com,Norri Heavyside,nheavyside9r
rmohammad9s@discovery.com,Renie Mohammad,rmohammad9s
cvasyutochkin9t@hao123.com,Cristen Vasyutochkin,cvasyutochkin9t
nrebillard9u@columbia.edu,Normy Rebillard,nrebillard9u
gpaulillo9v@earthlink.net,Gifford Paulillo,gpaulillo9v
mtilzey9w@mediafire.com,Margret Tilzey,mtilzey9w
astrange9x@samsung.com,Aurea Strange,astrange9x
nbrudenell9y@opera.com,Nanni Brudenell,nbrudenell9y
dbraid9z@zdnet.com,Dona Braid,dbraid9z
cbarklya0@yelp.com,Coop Barkly,cbarklya0
tdacea1@usatoday.com,Timothea Dace,tdacea1
tmuccia2@godaddy.com,Tuck Mucci,tmuccia2
vcuvleya3@webmd.com,Van Cuvley,vcuvleya3
rllorensa4@people.com.cn,Radcliffe Llorens,rllorensa4
tcrispa5@addthis.com,Travus Crisp,tcrispa5
gdia6@mashable.com,Godard Di Baudi,gdia6
fwherrita7@wired.com,Fabiano Wherrit,fwherrita7
wpigromea8@dmoz.org,Web Pigrome,wpigromea8
umacquista9@hhs.gov,Urbanus MacQuist,umacquista9
afleischeraa@skyrock.com,Archaimbaud Fleischer,afleischeraa
acruickshanksab@nih.gov,Alysa Cruickshanks,acruickshanksab
pmckayac@jimdo.com,Pippo McKay,pmckayac
gpretorad@salon.com,Gerek Pretor,gpretorad
ctinstonae@opera.com,Celine Tinston,ctinstonae
gkaygillaf@vk.com,Granthem Kaygill,gkaygillaf
faslottag@topsy.com,Faustine Aslott,faslottag
hgostallah@creativecommons.org,Hatty Gostall,hgostallah
wgiamettiai@weebly.com,Weidar Giametti,wgiamettiai
fabelovitzaj@123-reg.co.uk,Flory Abelovitz,fabelovitzaj
ebrigdaleak@woothemes.com,Else Brigdale,ebrigdaleak
awyettal@businesswire.com,Aldon Wyett,awyettal
gbabidgeam@people.com.cn,Glenna Babidge,gbabidgeam
skembryan@foxnews.com,Sherilyn Kembry,skembryan
sduckwithao@fastcompany.com,Shalne Duckwith,sduckwithao
rscottingap@meetup.com,Ronna Scotting,rscottingap
rrosenfeltaq@vistaprint.com,Richard Rosenfelt,rrosenfeltaq
hmarcuar@fda.gov,Hastings Marcu,hmarcuar
lcorshamas@miibeian.gov.cn,Lavina Corsham,lcorshamas
cpietersmaat@dell.com,Cristen Pietersma,cpietersmaat
mjovicicau@amazon.co.uk,Margret Jovicic,mjovicicau
wrheamav@timesonline.co.uk,Wang Rheam,wrheamav
lmcbrieraw@nba.com,Lenard McBrier,lmcbrieraw
aclementetax@cnn.com,Allistir Clementet,aclementetax
xendsay@acquirethisname.com,Xerxes Ends,xendsay
ccammomileaz@china.com.cn,Crystal Cammomile,ccammomileaz
desmondeb0@google.co.jp,Dulcine Esmonde,desmondeb0
mberrillb1@odnoklassniki.ru,Mahalia Berrill,mberrillb1
acornfieldb2@globo.com,Adelind Cornfield,acornfieldb2
rmillandb3@last.fm,Rita Milland,rmillandb3
lwoofindenb4@reddit.com,Lu Woofinden,lwoofindenb4
fdewsb5@so-net.ne.jp,Fern Dews,fdewsb5
smilkinsb6@washingtonpost.com,Stuart Milkins,smilkinsb6
cdyettb7@e-recht24.de,Coraline Dyett,cdyettb7
crudolphb8@aol.com,Calla Rudolph,crudolphb8
rciottib9@cocolog-nifty.com,Reece Ciotti,rciottib9
lclynterba@wordpress.org,Lind Clynter,lclynterba
ggrafhambb@gov.uk,Grover Grafham,ggrafhambb
lneavesbc@auda.org.au,Linc Neaves,lneavesbc
bbessellbd@imgur.com,Bridie Bessell,bbessellbd
jliggonsbe@japanpost.jp,Jeramey Liggons,jliggonsbe
tbastistinibf@cam.ac.uk,Tiphany Bastistini,tbastistinibf
idelongbg@buzzfeed.com,Isac Delong,idelongbg
hderxbh@edublogs.org,Hermia Derx,hderxbh
mrowlinsonbi@behance.net,Meridith Rowlinson,mrowlinsonbi
htemlettbj@newyorker.com,Hildagard Temlett,htemlettbj
mfraniakbk@unblog.fr,Mendy Franiak,mfraniakbk
gmcbeathbl@dagondesign.com,Goldy McBeath,gmcbeathbl
cburnallbm@paypal.com,Carlita Burnall,cburnallbm
wosharrybn@msn.com,Whittaker O'Sharry,wosharrybn
agomanbo@globo.com,Artemis Goman,agomanbo
bdalinderbp@goo.ne.jp,Berne Dalinder,bdalinderbp
jdillimorebq@moonfruit.com,Jacquette Dillimore,jdillimorebq
croppbr@nationalgeographic.com,Cleo Ropp,croppbr
fspeerbs@shareasale.com,Flynn Speer,fspeerbs
kbarukhbt@mapquest.com,Krysta Barukh,kbarukhbt
bgronaverbu@patch.com,Basilius Gronaver,bgronaverbu
nobalbv@stumbleupon.com,Nicola Obal,nobalbv
padamovskybw@cam.ac.uk,Porter Adamovsky,padamovskybw
acoatenbx@pbs.org,Anna Coaten,acoatenbx
ograhlmanby@msn.com,Orran Grahlman,ograhlmanby
lfindlaybz@issuu.com,Larry Findlay,lfindlaybz
rbartramc0@webmd.com,Ross Bartram,rbartramc0
fropsc1@tripod.com,Fax Rops,fropsc1
alaydonc2@canalblog.com,Analise Laydon,alaydonc2
mcranstonec3@mail.ru,Matthias Cranstone,mcranstonec3
Ham Millery,hmilleryc4
fambergc5@state.tx.us,Fania Amberg,fambergc5
mduchasteauc6@lycos.com,Morty Duchasteau,mduchasteauc6
tpancoastc7@cafepress.com,Tedd Pancoast,tpancoastc7
abacupc8@t-online.de,Annice Bacup,abacupc8
jwadelinc9@si.edu,Jeanie Wadelin,jwadelinc9
mmckinnaca@myspace.com,Marcy McKinna,mmckinnaca
bfrunkscb@slate.com,Bertram Frunks,bfrunkscb
vglendinningcc@clickbank.net,Valera Glendinning,vglendinningcc
rmcvanamycd@reddit.com,Rogers McVanamy,rmcvanamycd
akleinertce@hc360.com,Arman Kleinert,akleinertce
krubinsaftcf@twitpic.com,Kimbra Rubinsaft,krubinsaftcf
alonghurstcg@people.com.cn,Adaline Longhurst,alonghurstcg
gszymanekch@biblegateway.com,Garik Szymanek,gszymanekch
dsessunsci@barnesandnoble.com,Dieter Sessuns,dsessunsci
smathiecj@jugem.jp,Susi Mathie,smathiecj
pcolebeckck@mtv.com,Pepita Colebeck,pcolebeckck
gquerreecl@flavors.me,Glen Querree,gquerreecl
nniccollscm@umn.edu,Neille Niccolls,nniccollscm
byuryichevcn@fc2.com,Beverie Yuryichev,byuryichevcn
snoblettco@imageshack.us,Sandy Noblett,snoblettco
skobschcp@wiley.com,Skell Kobsch,skobschcp
iimpeycq@ovh.net,Inessa Impey,iimpeycq
tscanecr@ning.com,Tabby Scane,tscanecr
vshawelcs@imdb.com,Vida Shawel,vshawelcs
mpavlishchevct@naver.com,Merle Pavlishchev,mpavlishchevct
pfoxwellcu@zdnet.com,Philomena Foxwell,pfoxwellcu
trevelycv@boston.com,Terri Revely,trevelycv
charlickcw@wp.com,Claire Harlick,charlickcw
mgearingcx@bbc.co.uk,Melonie Gearing,mgearingcx
vadrianellocy@ifeng.com,Verne Adrianello,vadrianellocy
jpockeycz@dedecms.com,Joanna Pockey,jpockeycz
rstorried0@squarespace.com,Retha Storrie,rstorried0
sovernelld1@amazon.co.jp,Sophia Overnell,sovernelld1
lshaweld2@dailymotion.com,Ludwig Shawel,lshaweld2
bfatkind3@plala.or.jp,Billie Fatkin,bfatkind3
ssleenyd4@mit.edu,Sondra Sleeny,ssleenyd4
saikmand5@washington.edu,Shannon Aikman,saikmand5
dlorenced6@un.org,Doro Lorence,dlorenced6
sled7@vkontakte.ru,Sam Le Leu,sled7
bgossopd8@census.gov,Byram Gossop,bgossopd8
lhebrond9@mtv.com,Lyndsie Hebron,lhebrond9
cgabbatissda@sitemeter.com,Cly Gabbatiss,cgabbatissda
bpurseydb@e-recht24.de,Belvia Pursey,bpurseydb
tbaggallydc@php.net,Tamera Baggally,tbaggallydc
okienledd@privacy.gov.au,Obed Kienle,okienledd
zbosdende@engadget.com,Zorine Bosden,zbosdende
sdurbindf@cnbc.com,Sanders Durbin,sdurbindf
cnoredg@skyrock.com,Cherice Nore,cnoredg
agarlickdh@amazon.co.uk,Adrian Garlick,agarlickdh
jwadelinc9@si.edu,Dorita Bisp,dbispdi
cblumsondj@guardian.co.uk,Cordy Blumson,cblumsondj
tvandk@zimbio.com,Tiphani Van Brug,tvandk
bloobydl@g.co,Benoit Looby,bloobydl
vwillarsdm@dailymail.co.uk,Vanya Willars,vwillarsdm
vbourdasdn@mail.ru,Vilma Bourdas,vbourdasdn
ejacobdo@vinaora.com,Elwyn Jacob,ejacobdo
charbertdp@reference.com,Cynthea Harbert,charbertdp
gscholtedq@dropbox.com,Giff Scholte,gscholtedq
rdeakindr@4shared.com,Rabi Deakin,rdeakindr
rquadlingds@huffingtonpost.com,Rriocard Quadling,rquadlingds
cargyledt@msu.edu,Cynthea Argyle,cargyledt
emccowendu@tmall.com,Ezechiel McCowen,emccowendu
eeathertondv@technorati.com,Erek Eatherton,eeathertondv
vbowlddw@de.vu,Violetta Bowld,vbowlddw
bbilsondx@chicagotribune.com,Brynn Bilson,bbilsondx
bsammonsdy@toplist.cz,Bernardina Sammons,bsammonsdy
thartrightdz@europa.eu,Toinette Hartright,thartrightdz
emcuree0@ftc.gov,Ewan McUre,emcuree0
mfranciscoe1@google.co.jp,Michelina Francisco,mfranciscoe1
choulsone2@sun.com,Correna Houlson,choulsone2
bcasarilie3@sciencedaily.com,Benni Casarili,bcasarilie3
slassellee4@shareasale.com,Shandy Lasselle,slassellee4
sgurnette5@salon.com,Susy Gurnett,sgurnette5
gpeache6@shop-pro.jp,Garvin Peach,gpeache6
sbohillse7@hexun.com,Sayre Bohills,sbohillse7
dmaccaffertye8@usda.gov,Danika MacCafferty,dmaccaffertye8
astollsteinere9@mapquest.com,Avictor Stollsteiner,astollsteinere9
hfleyea@time.com,Hobey Fley,hfleyea
wtanslyeb@themeforest.net,Wernher Tansly,wtanslyeb
spontefractec@bloglines.com,Simonne Pontefract,spontefractec
fammered@ox.ac.uk,Flemming Ammer,fammered
awickershamee@cnet.com,Annice Wickersham,awickershamee
vpascallef@reverbnation.com,Valencia Pascall,vpascallef
dgoodyeareg@samsung.com,Daisy Goodyear,dgoodyeareg
cweitzeleh@godaddy.com,Cory Weitzel,cweitzeleh
aberingerei@nsw.gov.au,Alessandro Beringer,aberingerei
rbezantej@dion.ne.jp,Ricardo Bezant,rbezantej
pmaseykek@howstuffworks.com,Paul Maseyk,pmaseykek
gyoakleyel@wordpress.com,Gaspar Yoakley,gyoakleyel
lbrickwoodem@vimeo.com,Lynnette Brickwood,lbrickwoodem
jcromleholmeen@hugedomains.com,Johnna Cromleholme,jcromleholmeen
skivitseo@about.com,Salomon Kivits,skivitseo
sgautreyep@trellian.com,Sebastiano Gautrey,sgautreyep
dreideq@shutterfly.com,Delores Reid,dreideq
rmacilraither@deviantart.com,Rina MacIlraith,rmacilraither
rstampes@last.fm,Romonda Stamp,rstampes
bwasielewskiet@constantcontact.com,Blondie Wasielewski,bwasielewskiet
kporritteu@kickstarter.com,Katinka Porritt,kporritteu
cjedrzaszkiewiczev@mail.ru,Chaddy Jedrzaszkiewicz,cjedrzaszkiewiczev
krafeew@usa.gov,Kakalina Rafe,krafeew
gdreganex@cnbc.com,gdreganex
awindhamey@accuweather.com,Arnaldo Windham,awindhamey
hmcskinez@last.fm,Henry McSkin,hmcskinez
ystannasf0@moonfruit.com,Yard Stannas,ystannasf0
halbersf1@canalblog.com,Hort Albers,halbersf1
lslymef2@instagram.com,Lila Slyme,lslymef2
sgorstidgef3@dyndns.org,Starla Gorstidge,sgorstidgef3
sdrohanf4@stanford.edu,Salvidor Drohan,sdrohanf4
rhoflerf5@bigcartel.com,Rois Hofler,rhoflerf5
nprevostf6@gnu.org,Nanni Prevost,nprevostf6
ilandaf7@patch.com,Ignacio Landa,ilandaf7
ikyddef8@goo.ne.jp,Iolande Kydde,ikyddef8
dmarshalf9@yellowpages.com,Dean Marshal,dmarshalf9
bstockneyfa@bandcamp.com,Burk Stockney,bstockneyfa
jwiddowfieldfb@theatlantic.com,Jae Widdowfield,jwiddowfieldfb
bboweryfc@dedecms.com,Bethanne Bowery,bboweryfc
jwadelinc9@si.edu,Frazier Fominov,ffominovfd
dfursefe@aol.com,Domini Furse,dfursefe
cfersonff@hud.gov,Clarissa Ferson,cfersonff
escandrootfg@slideshare.net,Edan Scandroot,escandrootfg
fvogellerfh@dion.ne.jp,Ferdinand Vogeller,fvogellerfh
bhallowsfi@diigo.com,Blanch Hallows,bhallowsfi
wbuttingfj@barnesandnoble.com,Wilburt Butting,wbuttingfj
lgodleefk@alexa.com,Leif Godlee,lgodleefk
dtoftsfl@who.int,Dione Tofts,dtoftsfl
nvalentifm@xinhuanet.com,Nealon Valenti,nvalentifm
rovanesianfn@opera.com,Rory Ovanesian,rovanesianfn
jaddingtonfo@bravesites.com,Jackson Addington,jaddingtonfo
gkleeweinfp@amazon.co.uk,Giffer Kleewein,gkleeweinfp
keastupfq@weibo.com,Kenna Eastup,keastupfq
nholliarfr@weebly.com,Nani Holliar,nholliarfr
cferrymanfs@npr.org,Cob Ferryman,cferrymanfs
dgeggft@twitter.com,Darcey Gegg,dgeggft
lkelcherfu@infoseek.co.jp,Loralyn Kelcher,lkelcherfu
cbonellefv@cnet.com,Caresa Bonelle,cbonellefv
tclawefw@drupal.org,Thekla Clawe,tclawefw
rpirtfx@usa.gov,Ruggiero Pirt,rpirtfx
rvillaretfy@ezinearticles.com,Rodd Villaret,rvillaretfy
jpennaccifz@ftc.gov,Jessie Pennacci,jpennaccifz
darlingg0@hugedomains.com,Danila Arling,darlingg0
rhenrig1@harvard.edu,Rahel Henri,rhenrig1
jleg2@mit.edu,Janifer Le Leu,jleg2
jwadelinc9@si.edu,Steve Thrustle,sthrustleg3
mloosleyg4@ebay.co.uk,Miquela Loosley,mloosleyg4
mbennsg5@sakura.ne.jp,Marielle Benns,mbennsg5
ewarderg6@telegraph.co.uk,Emlyn Warder,ewarderg6
irumgayg7@last.fm,Iggie Rumgay,irumgayg7
fsparrowhawkg8@cafepress.com,Ferd Sparrowhawk,fsparrowhawkg8
ldeg9@live.com,Ludovico De Carlo,ldeg9
rmatussonga@omniture.com,Raphaela Matusson,rmatussonga
rberriegb@ocn.ne.jp,Richart Berrie,rberriegb
ascarlettgc@elegantthemes.com,Ave Scarlett,ascarlettgc
jscanlangd@meetup.com,Jeni Scanlan,jscanlangd
bruhbenge@mediafire.com,Bride Ruhben,bruhbenge
tmcclenangf@printfriendly.com,Tremaine McClenan,tmcclenangf
bfanshawgg@vk.com,Brooke Fanshaw,bfanshawgg
gfortnamgh@china.com.cn,Gina Fortnam,gfortnamgh
gcarwardinegi@flickr.com,Gretal Carwardine,gcarwardinegi
bbrettlegj@booking.com,Brandice Brettle,bbrettlegj
lmcalroygk@multiply.com,Lemmy McAlroy,lmcalroygk
ghotsongl@state.gov,Geno Hotson,ghotsongl
ccastangiagm@instagram.com,Charita Castangia,ccastangiagm
bmandalgn@springer.com,Bart Mandal,bmandalgn
areimersgo@parallels.com,Ailsun Reimers,areimersgo
lfaltskoggp@cafepress.com,Laurice Faltskog,lfaltskoggp
ahrinchishingq@1688.com,Adan Hrinchishin,ahrinchishingq
ahatwellsgr@etsy.com,Alberta Hatwells,ahatwellsgr
jmccoshgs@odnoklassniki.ru,Jerrold McCosh,jmccoshgs
mbarthramgt@sogou.com,Mozes Barthram,mbarthramgt
cdearegu@nymag.com,Cherri Deare,cdearegu
uedridgegv@1688.com,Umeko Edridge,uedridgegv
kcarpmilegw@cornell.edu,Kendre Carpmile,kcarpmilegw
rwalthallgx@shareasale.com,Ree Walthall,rwalthallgx
dhoggangy@state.gov,Deanne Hoggan,dhoggangy
nfarendengz@harvard.edu,Nat Farenden,nfarendengz
lbaskwellh0@xinhuanet.com,Livy Baskwell,lbaskwellh0
esedgmondh1@oakley.com,Estel Sedgmond,esedgmondh1
lcairdh2@japanpost.jp,Laurette Caird,lcairdh2
dbarkhouseh3@umn.edu,Darsie Barkhouse,dbarkhouseh3
jalfusoh4@usnews.com,Jessey Alfuso,jalfusoh4
sffoulkesh5@fema.gov,Stacey Ffoulkes,sffoulkesh5
lillstonh6@mtv.com,Leontine Illston,lillstonh6
bbeasleyh7@discuz.net,Bat Beasley,bbeasleyh7
arushh8@4shared.com,Afton Rush,arushh8
cgrossh9@feedburner.com,Charles Gross,cgrossh9
gcumberlidgeha@amazon.co.uk,Glenna Cumberlidge,gcumberlidgeha
sbearwardhb@linkedin.com,Salli Bearward,sbearwardhb
crosinahc@youku.com,Clint Rosina,crosinahc
amaddiehd@google.co.jp,Angele Maddie,amaddiehd
gthurleyhe@com.com,Gustavo Thurley,gthurleyhe
rblaisehf@loc.gov,Roxine Blaise,rblaisehf
cickehg@xinhuanet.com,Caren Icke,cickehg
cwickendonhh@un.org,Chaim Wickendon,cwickendonhh
jburtenshawhi@shareasale.com,Janet Burtenshaw,jburtenshawhi
lbletsoehj@wikimedia.org,Lucky Bletsoe,lbletsoehj
hwebberleyhk@is.gd,Harmon Webberley,hwebberleyhk
hgravenorhl@studiopress.com,Hank Gravenor,hgravenorhl
mledingtonhm@wordpress.org,Mary Ledington,mledingtonhm
mnicholashn@wired.com,Myrna Nicholas,mnicholashn
tanniesho@goo.gl,Tresa Annies,tanniesho
ojenkenhp@is.gd,Olly Jenken,ojenkenhp
rbraimhq@pinterest.com,Rowland
acartmalehr@usa.gov,Arthur Cartmale,acartmalehr
lwyehs@mapy.cz,Linnell Wye,lwyehs
ctidmasht@youku.com,Corty Tidmas,ctidmasht
sfeyerhu@nasa.gov,Shalom Feyer,sfeyerhu
hmarlowhv@china.com.cn,Hart Marlow,hmarlowhv
cpaschkehw@admin.ch,Cele Paschke,cpaschkehw
agrishankovhx@furl.net,Arte Grishankov,agrishankovhx
pmablesonhy@livejournal.com,Pincus Mableson,pmablesonhy
aohz@ucla.edu,Alisun O' Culligan,aohz
ckohni0@wiley.com,Cyrillus Kohn,ckohni0
ckeydeni1@ning.com,Corissa Keyden,ckeydeni1
apiresi2@gnu.org,Alister Pires,apiresi2
kgavozzii3@ibm.com,Kellby Gavozzi,kgavozzii3
lstuddei4@t.co,Lester Studde,lstuddei4
wcenteri5@spiegel.de,Wyn Center,wcenteri5
rmcilwricki6@cnbc.com,Roxy McIlwrick,rmcilwricki6
jgillivriei7@wordpress.org,Jonah Gillivrie,jgillivriei7
bbreinli8@wix.com,Brand Breinl,bbreinli8
bswithenbyi9@economist.com,Basia Swithenby,bswithenbyi9
hfeatherstoneia@imdb.com,Harris Featherstone,hfeatherstoneia
vvanib@multiply.com,Viviene Van Leijs,vvanib
cpokeric@surveymonkey.com,Caro Poker,cpokeric
mchellamid@sphinn.com,Moina Chellam,mchellamid
tbrickstockie@simplemachines.org,Teressa Brickstock,tbrickstockie
ehardsonif@paginegialle.it,Ella Hardson,ehardsonif
bfinckeig@netlog.com,Betti Fincke,bfinckeig
jmateih@typepad.com,Jordan Mate,jmateih
rgowlingii@cbc.ca,Reade Gowling,rgowlingii
hattawellij@hubpages.com,Hebert Attawell,hattawellij
jjurkowskiik@tinypic.com,Jedd Jurkowski,jjurkowskiik
isteelyil@weebly.com,Ibbie Steely,isteelyil
lwesleyim@opera.com,Lonni Wesley,lwesleyim
bandresenin@ted.com,Becky Andresen,bandresenin
diremongerio@slate.com,Donal Iremonger,diremongerio
rmickanip@cloudflare.com,Rhett Mickan,rmickanip
bchevolleauiq@ow.ly,Bat Chevolleau,bchevolleauiq
klockheadir@biblegateway.com,Kermie Lockhead,klockheadir
aandresseris@ow.ly,Arlan Andresser,aandresseris
odanihelkait@cdbaby.com,Onida Danihelka,odanihelkait
frungeiu@dell.com,Fran Runge,frungeiu
jwadelinc9@si.edu,Port Izhak,pizhakiv
gmatuszkiewicziw@wufoo.com,Garland Matuszkiewicz,gmatuszkiewicziw
bwhichelowix@studiopress.com,Bev Whichelow,bwhichelowix
mpoulsomiy@linkedin.com,Mollee Poulsom,mpoulsomiy
ctrevithickiz@technorati.com,Carlynn Trevithick,ctrevithickiz
avasilevichj0@samsung.com,Arabella Vasilevich,avasilevichj0
abriggej1@constantcontact.com,Ariel Brigge,abriggej1
nmasedonj2@weibo.com,Neala Masedon,nmasedonj2
rmeneelyj3@dagondesign.com,Rhodie Meneely,rmeneelyj3
vlawrensonj4@squidoo.com,Valma Lawrenson,vlawrensonj4
cgathercoalj5@wufoo.com,Celene Gathercoal,cgathercoalj5
gdaughertyj6@mozilla.org,Georgia Daugherty,gdaughertyj6
wleebeterj7@answers.com,Waring Leebeter,wleebeterj7
alewinsj8@e-recht24.de,Angelina Lewins,alewinsj8
vgiacominij9@biblegateway.com,Vere Giacomini,vgiacominij9
glauksja@indiegogo.com,Gretta Lauks,glauksja
dmannajb@howstuffworks.com,Dianemarie Manna,dmannajb
sbreytjc@army.mil,Stafani Breyt,sbreytjc
svanjd@tiny.cc,Shelby Van Daalen,svanjd
msanteje@cisco.com,Mireille Sante,msanteje
caujouanetjf@huffingtonpost.com,Carmela Aujouanet,caujouanetjf
cbyardjg@youtu.be,Cosetta Byard,cbyardjg
nlodekejh@flavors.me,Nelia Lodeke,nlodekejh
dmortonji@list-manage.com,Deloria Morton,dmortonji
cfabbrojj@yahoo.com,Coretta Fabbro,cfabbrojj
sluttyjk@wunderground.com,Shannan Lutty,sluttyjk
fgorickjl@wikispaces.com,Franklin Gorick,fgorickjl
gpreonjm@gnu.org,Gibby Preon,gpreonjm
jblownejn@chicagotribune.com,Jorgan Blowne,jblownejn
klardeuxjo@smugmug.com,Karl Lardeux,klardeuxjo
dheaslipjp@dion.ne.jp,Darci Heaslip,dheaslipjp
kblythingjq@ow.ly,Kayne Blything,kblythingjq
cwaterstonejr@xrea.com,Carmine Waterstone,cwaterstonejr
eslopierjs@businesswire.com,Em Slopier,eslopierjs
gmarshlandjt@de.vu,Grange Marshland,gmarshlandjt
uoldridgeju@mozilla.org,Udell Oldridge,uoldridgeju
opontenjv@plala.or.jp,Orazio Ponten,opontenjv
acapronjw@wikia.com,Adolf Capron,acapronjw
eattenbroughjx@simplemachines.org,Edin Attenbrough,eattenbroughjx
acoffinjy@huffingtonpost.com,Alayne Coffin,acoffinjy
gharriotjz@ning.com,Gerry Harriot,gharriotjz
hchidgeyk0@behance.net,Hendrika Chidgey,hchidgeyk0
dbearblockk1@netscape.com,Dickie Bearblock,dbearblockk1
imannsk2@ehow.com,Iris Manns,imannsk2
sdoylyk3@elpais.com,Sacha D'Oyly,sdoylyk3
tmityukovk4@ow.ly,Torey Mityukov,tmityukovk4
lloughtonk5@sohu.com,Lauralee Loughton,lloughtonk5
wfebenk6@columbia.edu,Wayland Feben,wfebenk6
dmirrleesk7@yale.edu,Denise Mirrlees,dmirrleesk7
ahitterk8@loc.gov,Antoine Hitter,ahitterk8
cprendergrastk9@shutterfly.com,Crista Prendergrast,cprendergrastk9
umacgillaveryka@apache.org,Umberto MacGillavery,umacgillaveryka
tbushbykb@dmoz.org,Tulley Bushby,tbushbykb
zbennellkc@ehow.com,Zebulon Bennell,zbennellkc
sjacobsohnkd@mtv.com,Sigismond Jacobsohn,sjacobsohnkd
ddmiterkoke@networksolutions.com,Denney Dmiterko,ddmiterkoke
ccupperkf@live.com,Clementius Cupper,ccupperkf
mtembridgekg@list-manage.com,Mallory Tembridge,mtembridgekg
bhebsonkh@usatoday.com,Babbie Hebson,bhebsonkh
wparkmanki@zimbio.com,Willow Parkman,wparkmanki
rgoadbykj@so-net.ne.jp,Rona Goadby,rgoadbykj
ltealekk@furl.net,Lauraine Teale,ltealekk
aleahairkl@yelp.com,Anneliese Leahair,aleahairkl
mhellyarkm@hatena.ne.jp,Milicent Hellyar,mhellyarkm
adjakovickn@e-recht24.de,Ardis Djakovic,adjakovickn
adourisko@example.com,Andy Douris,adourisko
ikenionkp@telegraph.co.uk,Ignace Kenion,ikenionkp
kdunankq@squidoo.com,Kalil Dunan,kdunankq
sleithkr@usatoday.com,Sonni Leith,sleithkr
bdellks@stanford.edu,Brooke Dell,bdellks
jadrankt@pagesperso-orange.fr,Javier Adran,jadrankt
agamblinku@google.com.hk,Allix Gamblin,agamblinku
mvellakv@amazon.de,Myrta Vella,mvellakv
bdeabillkw@tumblr.com,Blaire Deabill,bdeabillkw
bmillerykx@sun.com,Bethena Millery,bmillerykx
aquinseeky@amazon.de,Antonetta Quinsee,aquinseeky
dspierskz@amazon.co.uk,Dreddy Spiers,dspierskz
preynaultl0@bing.com,Paolo Reynault,preynaultl0
rduckl1@cyberchimps.com,Ranna Duck,rduckl1
wmithaml2@netlog.com,Wye Mitham,wmithaml2
nadelmanl3@sciencedirect.com,Nora Adelman,nadelmanl3
itudbaldl4@sfgate.com,Izaak Tudbald,itudbaldl4
lmainwaringl5@github.com,Letitia Mainwaring,lmainwaringl5
dgreystockl6@delicious.com,Dina Greystock,dgreystockl6
echatainl7@g.co,Enoch Chatain,echatainl7
llambertol8@china.com.cn,Leelah Lamberto,llambertol8
mscocroftl9@google.com.au,Micky Scocroft,mscocroftl9
jvedmorela@github.com,Jessie Vedmore,jvedmorela
kroslinglb@webmd.com,Khalil Rosling,kroslinglb
ibrendlc@fc2.com,Inness Brend,ibrendlc
crosewallld@home.pl,Conny Rosewall,crosewallld
cmatyushkinle@virginia.edu,Chickie Matyushkin,cmatyushkinle
crappaportlf@bing.com,Cari Rappaport,crappaportlf
ejowittlg@elpais.com,Erica Jowitt,ejowittlg
cluttgertlh@statcounter.com,Cherri Luttgert,cluttgertlh
ewinskillli@xinhuanet.com,Ellis Winskill,ewinskillli
nstaininglj@craigslist.org,Ninon Staining,nstaininglj
fverbruggelk@bloomberg.com,Flemming Verbrugge,fverbruggelk
fmctrustriell@goo.ne.jp,Ferrel McTrustrie,fmctrustriell
rleistlm@webeden.co.uk,Ronald Leist,rleistlm
myellandln@tmall.com,Misty Yelland,myellandln
gtopinglo@so-net.ne.jp,Gwyneth Toping,gtopinglo
wfinlrylp@eventbrite.com,Westleigh Finlry,wfinlrylp
dthreadgouldlq@de.vu,Darryl Threadgould,dthreadgouldlq
dbaldacklr@digg.com,Darsey Baldack,dbaldacklr
atownsendls@ow.ly,Abie Townsend,atownsendls
mraywoodlt@oracle.com,Merry Raywood,mraywoodlt
ubenboughlu@theatlantic.com,Ulberto Benbough,ubenboughlu
ddalessandrolv@linkedin.com,Don D'Alessandro,ddalessandrolv
bveryanlw@a8.net,Billy Veryan,bveryanlw
mgoginlx@imgur.com,Margi Gogin,mgoginlx
aakasterly@addthis.com,Avram Akaster,aakasterly
mcastagnalz@house.gov,Mallorie Castagna,mcastagnalz
akhristyukhinm0@jalbum.net,Alf Khristyukhin,akhristyukhinm0
berasmusm1@123-reg.co.uk,Brigida Erasmus,berasmusm1
cwrathallm2@sun.com,Clevey Wrathall,cwrathallm2
ccullitym3@usnews.com,Corly Cullity,ccullitym3
tpinckedm4@hp.com,Talbot Pincked,tpinckedm4
ltarbertm5@g.co,Lonnie Tarbert,ltarbertm5
kovettm6@creativecommons.org,Kellie Ovett,kovettm6
mtomasinom7@sbwire.com,Malynda Tomasino,mtomasinom7
sspatam8@gizmodo.com,Sorcha Spata,sspatam8
cnickolesm9@businessinsider.com,Conrado Nickoles,cnickolesm9
cheeneyma@chronoengine.com,Christan Heeney,cheeneyma
gdrapermb@comcast.net,Gardiner Draper,gdrapermb
rgulliventmc@narod.ru,Rodi Gullivent,rgulliventmc
zgillbeymd@networkadvertising.org,Zollie Gillbey,zgillbeymd
ehakerme@posterous.com,Euell Haker,ehakerme
mbartosinskimf@wikimedia.org,Marie-jeanne Bartosinski,mbartosinskimf
dgogginmg@globo.com,Darcy Goggin,dgogginmg
glaymanmh@ft.com,Galina Layman,glaymanmh
bfrancesmi@mayoclinic.com,Babita Frances,bfrancesmi
oblademj@webeden.co.uk,Ottilie Blade,oblademj
dblabymk@biblegateway.com,Doreen Blaby,dblabymk
rszachml@imgur.com,Reggy Szach,rszachml
asmissenmm@tripod.com,Antonetta Smissen,asmissenmm
cgiacomellimn@japanpost.jp,Charmain Giacomelli,cgiacomellimn
kwillowaymo@yellowbook.com,Kippie Willoway,kwillowaymo
hmatymp@wiley.com,Haley Maty,hmatymp
ahaillmq@globo.com,Ashely Haill,ahaillmq
rdodsleymr@skype.com,Rianon Dodsley,rdodsleymr
lwenderothms@cyberchimps.com,Lauren Wenderoth,lwenderothms
ecullingfordmt@tripadvisor.com,Erhard Cullingford,ecullingfordmt
khallattmu@miibeian.gov.cn,Katharine Hallatt,khallattmu
coxbroughmv@hud.gov,Cornie Oxbrough,coxbroughmv
garondelmw@reuters.com,Giles Arondel,garondelmw
blittlewoodmx@ted.com,Barb Littlewood,blittlewoodmx
lfraziermy@posterous.com,Lurline Frazier,lfraziermy
dcapinimz@webnode.com,Darda Capini,dcapinimz
kimpletonn0@uiuc.edu,Kale Impleton,kimpletonn0
akermonn1@kickstarter.com,Audra Kermon,akermonn1
cfleoten2@trellian.com,Cobbie Fleote,cfleoten2
mwhitefordn3@joomla.org,Mei Whiteford,mwhitefordn3
dbohjen4@ucsd.edu,Darleen Bohje,dbohjen4
cbercerosn5@homestead.com,Cullin Berceros,cbercerosn5
ndowdneyn6@gnu.org,Nadean Dowdney,ndowdneyn6
tpren7@pagesperso-orange.fr,Tonia Pre,tpren7
jcrowdyn8@walmart.com,Johnny Crowdy,jcrowdyn8
abeldersonn9@yellowbook.com,Ardenia Belderson,abeldersonn9
jdisleyna@jimdo.com,Judah Disley,jdisleyna
aavrahamofnb@google.ca,Artemis Avrahamof,aavrahamofnb
cdyersnc@goo.gl,Cobb Dyers,cdyersnc
jguyersnd@deliciousdays.com,Jacinta Guyers,jguyersnd
sswailene@usatoday.com,Stefanie Swaile,sswailene
mricenf@angelfire.com,Marlow Rice,mricenf
lzamorranong@artisteer.com,Leann Zamorrano,lzamorranong
sjurasznh@tinyurl.com,Shane Jurasz,sjurasznh
jratcliffni@reuters.com,Jacynth Ratcliff,jratcliffni
mmayoralnj@nih.gov,Mindy Mayoral,mmayoralnj
csabatesnk@alibaba.com,Chrisy Sabates,csabatesnk
abrunningnl@symantec.com,Adi Brunning,abrunningnl
mhathwaynm@php.net,Morgan Hathway,mhathwaynm
kkropnn@photobucket.com,Koren Krop,kkropnn
awareno@mapquest.com,Adelbert Ware,awareno
serwinnp@163.com,Silvain Erwin,serwinnp
whuglandnq@blogspot.com,Warren Hugland,whuglandnq
bnevinsonnr@cbc.ca,Brooks Nevinson,bnevinsonnr
dbelderfieldns@woothemes.com,Darsey Belderfield,dbelderfieldns
abruntonnt@dailymotion.com,Analise Brunton,abruntonnt
bochterlonienu@wunderground.com,Bevvy Ochterlonie,bochterlonienu
fraymondnv@cnbc.com,Freedman Raymond,fraymondnv
kprendergrastnw@chron.com,Kirstyn Prendergrast,kprendergrastnw
eniemiecnx@bluehost.com,Emmalyn Niemiec,eniemiecnx
msleepny@hao123.com,Mirabella Sleep,msleepny
ksnowdonnz@livejournal.com,Kendell Snowdon,ksnowdonnz
blaytono0@timesonline.co.uk,Batsheva Layton,blaytono0
npigotto1@geocities.com,Natalee Pigott,npigotto1
gborgesioo2@fastcompany.com,Gusella Borgesio,gborgesioo2
neldino3@nsw.gov.au,Nichole Eldin,neldino3
hhalletto4@reddit.com,Harbert Hallett,hhalletto4
sdominicoo5@answers.com,Sheryl Dominico,sdominicoo5
msleefordo6@mayoclinic.com,Mycah Sleeford,msleefordo6
msaywardo7@gnu.org,Mercedes Sayward,msaywardo7
tmullengero8@cargocollective.com,Thor Mullenger,tmullengero8
rmaciejao9@woothemes.com,Regine Macieja,rmaciejao9
eleadbitteroa@pen.io,Eal Leadbitter,eleadbitteroa
ctromanob@accuweather.com,Chandra Troman,ctromanob
ladanezoc@php.net,Lida Adanez,ladanezoc
lgladbeckod@springer.com,Lucius Gladbeck,lgladbeckod
limpyoe@sbwire.com,Leesa Impy,limpyoe
ngaythorof@blog.com,Neille Gaythor,ngaythorof
msamesog@chron.com,Maggie Sames,msamesog
cbarraroh@netvibes.com,Carlotta Barrar,cbarraroh
ibrehaultoi@1und1.de,Ingar Brehault,ibrehaultoi
nbrestonoj@miibeian.gov.cn,Nissa Breston,nbrestonoj
blimerok@forbes.com,Barbra Limer,blimerok
mheineckeol@sun.com,Mano Heinecke,mheineckeol
karondelom@eventbrite.com,Karly Arondel,karondelom
torodaneon@webmd.com,Torrance O'Rodane,torodaneon
aduffetoo@shinystat.com,Abbey Duffet,aduffetoo
nconsidineop@ucoz.ru,Newton Considine,nconsidineop
tdenisoq@hc360.com,Tamra Denis,tdenisoq
rfranyor@harvard.edu,Royce Frany,rfranyor
bloughlinos@businesswire.com,Brynn Loughlin,bloughlinos
opiechnikot@studiopress.com,Orelee Piechnik,opiechnikot
ehansburyou@nba.com,Edie Hansbury,ehansburyou
mproughtenov@weather.com,Marlene Proughten,mproughtenov
emcgeorgeow@redcross.org,Elfrieda McGeorge,emcgeorgeow
cbowraox@yale.edu,Cassius Bowra,cbowraox
dcharrissonoy@google.de,Dori Charrisson,dcharrissonoy
ccauldwelloz@cmu.edu,Cleve Cauldwell,ccauldwelloz
lmacgallp0@163.com,Lila MacGall,lmacgallp0
gbriandp1@home.pl,Glennie Briand,gbriandp1
cbillhamp2@i2i.jp,Cynthy Billham,cbillhamp2
cfosdykep3@timesonline.co.uk,Catherina Fosdyke,cfosdykep3
fkeddyp4@myspace.com,Falkner Keddy,fkeddyp4
hcolvillep5@weather.com,Heather Colville,hcolvillep5
chendriksp6@sbwire.com,Corry Hendriks,chendriksp6
hsonnenscheinp7@unicef.org,Hillier Sonnenschein,hsonnenscheinp7
rparlorp8@amazon.co.jp,Redford Parlor,rparlorp8
bmacsporranp9@nature.com,Briney MacSporran,bmacsporranp9
okloserpa@tiny.cc,Oliver Kloser,okloserpa
cpilsburypb@earthlink.net,Carolus Pilsbury,cpilsburypb
cdrepppc@amazon.com,Cristian Drepp,cdrepppc
hwarmanpd@wiley.com,Helaine Warman,hwarmanpd
abruckenthalpe@umn.edu,Aleksandr Bruckenthal,abruckenthalpe
cpeasemanpf@amazon.de,Catlin Peaseman,cpeasemanpf
gbeswickpg@accuweather.com,Grazia Beswick,gbeswickpg
rrosettiphamazon.co.uk,Rabi Rosetti,rrosettiph
ryannonipi@arizona.edu,Roz Yannoni,ryannonipi
dadaminipj@hud.gov,Darcee Adamini,dadaminipj
vlegonpk@paypal.com,Valera Legon,vlegonpk
srouchypl@ning.com,Shirl Rouchy,srouchypl
eknoblepm@google.es,Elke Knoble,eknoblepm
cvosepn@noaa.gov,Clo Vose,cvosepn
asizlandpo@surveymonkey.com,Adler Sizland,asizlandpo
bwellbelovedpp@engadget.com,Benn Wellbeloved,bwellbelovedpp
bcolombierpq@theglobeandmail.com,Bailie Colombier,bcolombierpq
epuseypr@pinterest.com,Elfie Pusey,epuseypr
nmayoralps@jugem.jp,Neron Mayoral,nmayoralps
sfedderpt@weibo.com,Saul Fedder,sfedderpt
dboysepu@clickbank.net,Donaugh Boyse,dboysepu
abreenpv@google.com,Abbot Breen,abreenpv
ktredwellpw@twitter.com,Karoly Tredwell,ktredwellpw
cfroggattpx@sohu.com,Christabel Froggatt,cfroggattpx
dcrebottpy@taobao.com,Dorice Crebott,dcrebottpy
bchidleypz@twitter.com,Bax Chidley,bchidleypz
hkrogerq0@amazon.com,Had Kroger,hkrogerq0
mfritzq1@people.com.cn,Martino Fritz,mfritzq1
sspinksq2@mit.edu,Sharia Spinks,sspinksq2
betchellsq3@pcworld.com,Barrie Etchells,betchellsq3
battyeoq4@geocities.jp,Barbey Attyeo,battyeoq4
aofihilyq5@zdnet.com,Arlina O'Fihily,aofihilyq5
rlindelofq6@scientificamerican.com,Randi Lindelof,rlindelofq6
gfrigotq7@acquirethisname.com,Georas Frigot,gfrigotq7
ksmillieq8@plala.or.jp,Kimberlyn Smillie,ksmillieq8
emerigonq9@mozilla.com,Ezechiel Merigon,emerigonq9
rskeeteqa@scientificamerican.com,Raul Skeete,rskeeteqa
cboakesqb@bing.com,Chelsey Boakes,cboakesqb
hmackerethqc@imgur.com,Hashim MacKereth,hmackerethqc
nlougheedqd@ezinearticles.com,Norina Lougheed,nlougheedqd
dharomeqe@accuweather.com,Doll Harome,dharomeqe
ldemogeqf@ft.com,Lola Demoge,ldemogeqf
rarborqg@tiny.cc,Ray Arbor,rarborqg
dhamblingqh@vk.com,Dar Hambling,dhamblingqh
mkilroyqi@seattletimes.com,Mayer Kilroy,mkilroyqi
hrussenqj@blogs.com,Hobey Russen,hrussenqj
dmintyqk@fda.gov,Donny Minty,dmintyqk
ghaughinql@desdev.cn,Gary Haughin,ghaughinql
bworrallqm@moonfruit.com,Bryna Worrall,bworrallqm
fdillingstoneqn@craigslist.org,Ferdinanda Dillingstone,fdillingstoneqn
seskellqo@geocities.jp,Sashenka Eskell,seskellqo
ebutterfieldqp@linkedin.com,Emiline Butterfield,ebutterfieldqp
gberndtssonqq@w3.org,Griswold Berndtsson,gberndtssonqq
ghrynczykqr@princeton.edu,Garrard Hrynczyk,ghrynczykqr
gdunsmoreqs@netscape.com,Gare Dunsmore,gdunsmoreqs
cmaillardqt@bluehost.com,Curry Maillard,cmaillardqt
gfibbenqu@phoca.cz,Grissel Fibben,gfibbenqu
jmillwallqv@1688.com,Jesse Millwall,jmillwallqv
rdockreayqw@netvibes.com,Rosy Dockreay,rdockreayqw
pcorneliussenqx@furl.net,Patrizius Corneliussen,pcorneliussenqx
vathelstanqy@squidoo.com,Vera Athelstan,vathelstanqy
amathyqz@slideshare.net,Arlen Mathy,amathyqz
klazenbyr0@boston.com,Kellina Lazenby,klazenbyr0
tklawir1@mysql.com,Terri Klawi,tklawir1
oheyworthr2@discuz.net,Ogdon Heyworth,oheyworthr2
ffitchewr3@tinypic.com,Faunie Fitchew,ffitchewr3
rtrebbettr4@cloudflare.com,Rem Trebbett,rtrebbettr4
cbautister5@cisco.com,Cassius Bautiste,cbautister5
esebertr6@dailymail.co.uk,Erroll Sebert,esebertr6
hlamplughr7@google.co.jp,Henderson Lamplugh,hlamplughr7
ksherwellr8@infoseek.co.jp,Kelila Sherwell,ksherwellr8
mtabourelr9@storify.com,Moses Tabourel,mtabourelr9
mseatterra@cnet.com,Marice Seatter,mseatterra
ttonguerb@msu.edu,Ted Tongue,ttonguerb
nranshawrc@unicef.org,Nigel Ranshaw,nranshawrc
bportrissrd@cdbaby.com,Bartel Portriss,bportrissrd
istaggre@usda.gov,Iorgos Stagg,istaggre
kborelrf@nytimes.com,Kelcie Borel,kborelrf
rteresiarg@networkadvertising.org,Rebekah Teresia,rteresiarg
gfiferh@sogou.com,Geralda Fife,gfiferh
bmitchinsonri@wikispaces.com,Bevvy Mitchinson,bmitchinsonri
athewysrj@fastcompany.com,Alaster Thewys,athewysrj
dgaskinrk@addthis.com,Drake Gaskin,dgaskinrk
hbarfordrl@tiny.cc,Harp Barford,hbarfordrl
dtrebilcockrm@netlog.com,Donny Trebilcock,dtrebilcockrm
zdaniellrn@google.com,Zebedee Daniell,zdaniellrn
dcorkro@opensource.org,Daffi Cork,dcorkro
dklimaszewskirp@google.ru,Durante Klimaszewski,dklimaszewskirp
afennessyrq@economist.com,Andra Fennessy,afennessyrq
ctomsenrr@cdc.gov,Colan Tomsen,ctomsenrr
